{
  "feedback": [
    {
      "id": 1,
      "rating": 10,
      "text": "This is feedback item 1 coming from the backend",
      "username": 9924556870,
      "mobile": 9924556870,
      "password": 123456
    },
    {
      "text": "This is feedback item 2 coming from the backend",
      "rating": 10,
      "id": 2,
      "username": 9924556870,
      "mobile": 9924556870,
      "password": 123456
    },
    {
      "text": "This is feedback item 3 coming from the backend 31",
      "rating": 3,
      "id": 3,
      "username": 9924556870,
      "mobile": 9924556870,
      "password": 123456
    },
    {
      "text": "This is feedback item 4 coming from the backend 31",
      "rating": 8,
      "id": 4,
      "username": 9924556870,
      "mobile": 9924556870,
      "password": 123456
    },
    {
      "id": 5
    },
    {
      "id": 6
    },
    {
      "text": "This is feedback item 8 coming from the backend 31",
      "rating": 1,
      "id": 8,
      "username": "richard",
      "mobile": 123456,
      "password": 123456
    },
    {
      "text": "Richard 10 coming from the backend 31",
      "rating": 10,
      "id": 9,
      "username": "richardsan",
      "mobile": 123456,
      "password": 123456
    },
    {
      "mobile": "",
      "password": "",
      "id": 10
    },
    {
      "mobile": "",
      "password": "",
      "id": 11
    },
    {
      "mobile": "",
      "password": "",
      "id": 12
    }
  ]
}